0	Country 0
1	Country 1
2	Country 2
3	Country 3
4	Country 4
5	Country 5
6	Country 6
7	Country 7
8	Country 8
9	Country 9
10	Country 10
11	Country 11
12	Country 12
13	Country 13
14	Country 14
15	Country 15
16	Country 16
17	Country 17
18	Country 18
19	Country 19
20	Country 20
21	Country 21
22	Country 22
23	Country 23
24	Country 24
25	Country 25
26	Country 26
27	Country 27
28	Country 28
29	Country 29
30	Country 30
31	Country 31
32	Country 32
33	Country 33
34	Country 34
35	Country 35
36	Country 36
37	Country 37
38	Country 38
39	Country 39
40	Country 40
41	Country 41
42	Country 42
43	Country 43
44	Country 44
45	Country 45
46	Country 46
47	Country 47
48	Country 48
49	Country 49
50	Country 50
51	Country 51
52	Country 52
53	Country 53
54	Country 54
55	Country 55
56	Country 56
57	Country 57
58	Country 58
59	Country 59
60	Country 60
61	Country 61
62	Country 62
63	Country 63
64	Country 64
65	Country 65
66	Country 66
67	Country 67
68	Country 68
69	Country 69
70	Country 70
71	Country 71
72	Country 72
73	Country 73
74	Country 74
75	Country 75
76	Country 76
77	Country 77
78	Country 78
79	Country 79
80	Country 80
81	Country 81
82	Country 82
83	Country 83
84	Country 84
85	Country 85
86	Country 86
87	Country 87
88	Country 88
89	Country 89
90	Country 90
91	Country 91
92	Country 92
93	Country 93
94	Country 94
95	Country 95
96	Country 96
97	Country 97
98	Country 98
99	Country 99
100	Country 100
101	Country 101
102	Country 102
103	Country 103
104	Country 104
105	Country 105
106	Country 106
107	Country 107
108	Country 108
109	Country 109
110	Country 110
111	Country 111
112	Country 112
113	Country 113
114	Country 114
115	Country 115
116	Country 116
117	Country 117
118	Country 118
119	Country 119
120	Country 120
121	Country 121
122	Country 122
123	Country 123
124	Country 124
125	Country 125
126	Country 126
127	Country 127
128	Country 128
129	Country 129
130	Country 130
131	Country 131
132	Country 132
133	Country 133
134	Country 134
135	Country 135
136	Country 136
137	Country 137
138	Country 138
139	Country 139
140	Country 140
141	Country 141
142	Country 142
143	Country 143
144	Country 144
145	Country 145
146	Country 146
147	Country 147
148	Country 148
149	Country 149
150	Country 150
151	Country 151
152	Country 152
153	Country 153
154	Country 154
155	Country 155
156	Country 156
157	Country 157
158	Country 158
159	Country 159
160	Country 160
161	Country 161
162	Country 162
163	Country 163
164	Country 164
165	Country 165
166	Country 166
167	Country 167
168	Country 168
169	Country 169
170	Country 170
171	Country 171
172	Country 172
173	Country 173
174	Country 174
175	Country 175
176	Country 176
177	Country 177
178	Country 178
179	Country 179
180	Country 180
181	Country 181
182	Country 182
183	Country 183
184	Country 184
185	Country 185
186	Country 186
187	Country 187
188	Country 188
189	Country 189
190	Country 190
191	Country 191
192	Country 192
193	Country 193
194	Country 194
195	Country 195
196	Country 196
197	Country 197
198	Country 198
199	Country 199
200	Country 200
201	Country 201
202	Country 202
203	Country 203
204	Country 204
205	Country 205
206	Country 206
207	Country 207
208	Country 208
209	Country 209
210	Country 210
211	Country 211
212	Country 212
213	Country 213
214	Country 214
215	Country 215
216	Country 216
217	Country 217
218	Country 218
219	Country 219
220	Country 220
221	Country 221
222	Country 222
223	Country 223
224	Country 224
225	Country 225
226	Country 226
227	Country 227
228	Country 228
229	Country 229
230	Country 230
231	Country 231
232	Country 232
233	Country 233
234	Country 234
235	Country 235
236	Country 236
237	Country 237
238	Country 238
239	Country 239
240	Country 240
241	Country 241
242	Country 242
243	Country 243
244	Country 244
245	Country 245
246	Country 246
247	Country 247
248	Country 248
249	Country 249
250	Country 250
251	Country 251
252	Country 252
253	Country 253
254	Country 254
255	Country 255
256	Country 256
257	Country 257
258	Country 258
259	Country 259
260	Country 260
261	Country 261
262	Country 262
263	Country 263
264	Country 264
265	Country 265
266	Country 266
267	Country 267
268	Country 268
269	Country 269
270	Country 270
271	Country 271
272	Country 272
273	Country 273
274	Country 274
275	Country 275
276	Country 276
277	Country 277
278	Country 278
279	Country 279
280	Country 280
281	Country 281
282	Country 282
283	Country 283
284	Country 284
285	Country 285
286	Country 286
287	Country 287
288	Country 288
289	Country 289
290	Country 290
291	Country 291
292	Country 292
293	Country 293
294	Country 294
295	Country 295
296	Country 296
297	Country 297
298	Country 298
299	Country 299
300	Country 300
301	Country 301
302	Country 302
303	Country 303
304	Country 304
305	Country 305
306	Country 306
307	Country 307
308	Country 308
309	Country 309
310	Country 310
311	Country 311
312	Country 312
313	Country 313
314	Country 314
315	Country 315
316	Country 316
317	Country 317
318	Country 318
319	Country 319
320	Country 320
321	Country 321
322	Country 322
323	Country 323
324	Country 324
325	Country 325
326	Country 326
327	Country 327
328	Country 328
329	Country 329
330	Country 330
331	Country 331
332	Country 332
333	Country 333
334	Country 334
335	Country 335
336	Country 336
337	Country 337
338	Country 338
339	Country 339
340	Country 340
341	Country 341
342	Country 342
343	Country 343
344	Country 344
345	Country 345
346	Country 346
347	Country 347
348	Country 348
349	Country 349
350	Country 350
351	Country 351
352	Country 352
353	Country 353
354	Country 354
355	Country 355
356	Country 356
357	Country 357
358	Country 358
359	Country 359
360	Country 360
361	Country 361
362	Country 362
363	Country 363
364	Country 364
365	Country 365
366	Country 366
367	Country 367
368	Country 368
369	Country 369
370	Country 370
371	Country 371
372	Country 372
373	Country 373
374	Country 374
375	Country 375
376	Country 376
377	Country 377
378	Country 378
379	Country 379
380	Country 380
381	Country 381
382	Country 382
383	Country 383
384	Country 384
385	Country 385
386	Country 386
387	Country 387
388	Country 388
389	Country 389
390	Country 390
391	Country 391
392	Country 392
393	Country 393
394	Country 394
395	Country 395
396	Country 396
397	Country 397
398	Country 398
399	Country 399
400	Country 400
401	Country 401
402	Country 402
403	Country 403
404	Country 404
405	Country 405
406	Country 406
407	Country 407
408	Country 408
409	Country 409
410	Country 410
411	Country 411
412	Country 412
413	Country 413
414	Country 414
415	Country 415
416	Country 416
417	Country 417
418	Country 418
419	Country 419
420	Country 420
421	Country 421
422	Country 422
423	Country 423
424	Country 424
425	Country 425
426	Country 426
427	Country 427
428	Country 428
429	Country 429
430	Country 430
431	Country 431
432	Country 432
433	Country 433
434	Country 434
435	Country 435
436	Country 436
437	Country 437
438	Country 438
439	Country 439
440	Country 440
441	Country 441
442	Country 442
443	Country 443
444	Country 444
445	Country 445
446	Country 446
447	Country 447
448	Country 448
449	Country 449
450	Country 450
451	Country 451
452	Country 452
453	Country 453
454	Country 454
455	Country 455
456	Country 456
457	Country 457
458	Country 458
459	Country 459
460	Country 460
461	Country 461
462	Country 462
463	Country 463
464	Country 464
465	Country 465
466	Country 466
467	Country 467
468	Country 468
469	Country 469
470	Country 470
471	Country 471
472	Country 472
473	Country 473
474	Country 474
475	Country 475
476	Country 476
477	Country 477
478	Country 478
479	Country 479
480	Country 480
481	Country 481
482	Country 482
483	Country 483
484	Country 484
485	Country 485
486	Country 486
487	Country 487
488	Country 488
489	Country 489
490	Country 490
491	Country 491
492	Country 492
493	Country 493
494	Country 494
495	Country 495
496	Country 496
497	Country 497
498	Country 498
499	Country 499
500	Country 500
501	Country 501
502	Country 502
503	Country 503
504	Country 504
505	Country 505
506	Country 506
507	Country 507
508	Country 508
509	Country 509
510	Country 510
511	Country 511
512	Country 512
513	Country 513
514	Country 514
515	Country 515
516	Country 516
517	Country 517
518	Country 518
519	Country 519
520	Country 520
521	Country 521
522	Country 522
523	Country 523
524	Country 524
525	Country 525
526	Country 526
527	Country 527
528	Country 528
529	Country 529
530	Country 530
531	Country 531
532	Country 532
533	Country 533
534	Country 534
535	Country 535
536	Country 536
537	Country 537
538	Country 538
539	Country 539
540	Country 540
541	Country 541
542	Country 542
543	Country 543
544	Country 544
545	Country 545
546	Country 546
547	Country 547
548	Country 548
549	Country 549
550	Country 550
551	Country 551
552	Country 552
553	Country 553
554	Country 554
555	Country 555
556	Country 556
557	Country 557
558	Country 558
559	Country 559
560	Country 560
561	Country 561
562	Country 562
563	Country 563
564	Country 564
565	Country 565
566	Country 566
567	Country 567
568	Country 568
569	Country 569
570	Country 570
571	Country 571
572	Country 572
573	Country 573
574	Country 574
575	Country 575
576	Country 576
577	Country 577
578	Country 578
579	Country 579
580	Country 580
581	Country 581
582	Country 582
583	Country 583
584	Country 584
585	Country 585
586	Country 586
587	Country 587
588	Country 588
589	Country 589
590	Country 590
591	Country 591
592	Country 592
593	Country 593
594	Country 594
595	Country 595
596	Country 596
597	Country 597
598	Country 598
599	Country 599
600	Country 600
601	Country 601
602	Country 602
603	Country 603
604	Country 604
605	Country 605
606	Country 606
607	Country 607
608	Country 608
609	Country 609
610	Country 610
611	Country 611
612	Country 612
613	Country 613
614	Country 614
615	Country 615
616	Country 616
617	Country 617
618	Country 618
619	Country 619
620	Country 620
621	Country 621
622	Country 622
623	Country 623
624	Country 624
625	Country 625
626	Country 626
627	Country 627
628	Country 628
629	Country 629
630	Country 630
631	Country 631
632	Country 632
633	Country 633
634	Country 634
635	Country 635
636	Country 636
637	Country 637
638	Country 638
639	Country 639
640	Country 640
641	Country 641
642	Country 642
643	Country 643
644	Country 644
645	Country 645
646	Country 646
647	Country 647
648	Country 648
649	Country 649
650	Country 650
651	Country 651
652	Country 652
653	Country 653
654	Country 654
655	Country 655
656	Country 656
657	Country 657
658	Country 658
659	Country 659
660	Country 660
661	Country 661
662	Country 662
663	Country 663
664	Country 664
665	Country 665
666	Country 666
667	Country 667
668	Country 668
669	Country 669
670	Country 670
671	Country 671
672	Country 672
673	Country 673
674	Country 674
675	Country 675
676	Country 676
677	Country 677
678	Country 678
679	Country 679
680	Country 680
681	Country 681
682	Country 682
683	Country 683
684	Country 684
685	Country 685
686	Country 686
687	Country 687
688	Country 688
689	Country 689
690	Country 690
691	Country 691
692	Country 692
693	Country 693
694	Country 694
695	Country 695
696	Country 696
697	Country 697
698	Country 698
699	Country 699
700	Country 700
701	Country 701
702	Country 702
703	Country 703
704	Country 704
705	Country 705
706	Country 706
707	Country 707
708	Country 708
709	Country 709
710	Country 710
711	Country 711
712	Country 712
713	Country 713
714	Country 714
715	Country 715
716	Country 716
717	Country 717
718	Country 718
719	Country 719
720	Country 720
721	Country 721
722	Country 722
723	Country 723
724	Country 724
725	Country 725
726	Country 726
727	Country 727
728	Country 728
729	Country 729
730	Country 730
731	Country 731
732	Country 732
733	Country 733
734	Country 734
735	Country 735
736	Country 736
737	Country 737
738	Country 738
739	Country 739
740	Country 740
741	Country 741
742	Country 742
743	Country 743
744	Country 744
745	Country 745
746	Country 746
747	Country 747
748	Country 748
749	Country 749
750	Country 750
751	Country 751
752	Country 752
753	Country 753
754	Country 754
755	Country 755
756	Country 756
757	Country 757
758	Country 758
759	Country 759
760	Country 760
761	Country 761
762	Country 762
763	Country 763
764	Country 764
765	Country 765
766	Country 766
767	Country 767
768	Country 768
769	Country 769
770	Country 770
771	Country 771
772	Country 772
773	Country 773
774	Country 774
775	Country 775
776	Country 776
777	Country 777
778	Country 778
779	Country 779
780	Country 780
781	Country 781
782	Country 782
783	Country 783
784	Country 784
785	Country 785
786	Country 786
787	Country 787
788	Country 788
789	Country 789
790	Country 790
791	Country 791
792	Country 792
793	Country 793
794	Country 794
795	Country 795
796	Country 796
797	Country 797
798	Country 798
799	Country 799
800	Country 800
801	Country 801
802	Country 802
803	Country 803
804	Country 804
805	Country 805
806	Country 806
807	Country 807
808	Country 808
809	Country 809
810	Country 810
811	Country 811
812	Country 812
813	Country 813
814	Country 814
815	Country 815
816	Country 816
817	Country 817
818	Country 818
819	Country 819
820	Country 820
821	Country 821
822	Country 822
823	Country 823
824	Country 824
825	Country 825
826	Country 826
827	Country 827
828	Country 828
829	Country 829
830	Country 830
831	Country 831
832	Country 832
833	Country 833
834	Country 834
835	Country 835
836	Country 836
837	Country 837
838	Country 838
839	Country 839
840	Country 840
841	Country 841
842	Country 842
843	Country 843
844	Country 844
845	Country 845
846	Country 846
847	Country 847
848	Country 848
849	Country 849
850	Country 850
851	Country 851
852	Country 852
853	Country 853
854	Country 854
855	Country 855
856	Country 856
857	Country 857
858	Country 858
859	Country 859
860	Country 860
861	Country 861
862	Country 862
863	Country 863
864	Country 864
865	Country 865
866	Country 866
867	Country 867
868	Country 868
869	Country 869
870	Country 870
871	Country 871
872	Country 872
873	Country 873
874	Country 874
875	Country 875
876	Country 876
877	Country 877
878	Country 878
879	Country 879
880	Country 880
881	Country 881
882	Country 882
883	Country 883
884	Country 884
885	Country 885
886	Country 886
887	Country 887
888	Country 888
889	Country 889
890	Country 890
891	Country 891
892	Country 892
893	Country 893
894	Country 894
895	Country 895
896	Country 896
897	Country 897
898	Country 898
899	Country 899
900	Country 900
901	Country 901
902	Country 902
903	Country 903
904	Country 904
905	Country 905
906	Country 906
907	Country 907
908	Country 908
909	Country 909
910	Country 910
911	Country 911
912	Country 912
913	Country 913
914	Country 914
915	Country 915
916	Country 916
917	Country 917
918	Country 918
919	Country 919
920	Country 920
921	Country 921
922	Country 922
923	Country 923
924	Country 924
925	Country 925
926	Country 926
927	Country 927
928	Country 928
929	Country 929
930	Country 930
931	Country 931
932	Country 932
933	Country 933
934	Country 934
935	Country 935
936	Country 936
937	Country 937
938	Country 938
939	Country 939
940	Country 940
941	Country 941
942	Country 942
943	Country 943
944	Country 944
945	Country 945
946	Country 946
947	Country 947
948	Country 948
949	Country 949
950	Country 950
951	Country 951
952	Country 952
953	Country 953
954	Country 954
955	Country 955
956	Country 956
957	Country 957
958	Country 958
959	Country 959
960	Country 960
961	Country 961
962	Country 962
963	Country 963
964	Country 964
965	Country 965
966	Country 966
967	Country 967
968	Country 968
969	Country 969
970	Country 970
971	Country 971
972	Country 972
973	Country 973
974	Country 974
975	Country 975
976	Country 976
977	Country 977
978	Country 978
979	Country 979
980	Country 980
981	Country 981
982	Country 982
983	Country 983
984	Country 984
985	Country 985
986	Country 986
987	Country 987
988	Country 988
989	Country 989
990	Country 990
991	Country 991
992	Country 992
993	Country 993
994	Country 994
995	Country 995
996	Country 996
997	Country 997
998	Country 998
999	Country 999
