0	Region 0
1	Region 1
2	Region 2
3	Region 3
4	Region 4
5	Region 5
6	Region 6
7	Region 7
8	Region 8
9	Region 9
10	Region 10
11	Region 11
12	Region 12
13	Region 13
14	Region 14
15	Region 15
16	Region 16
17	Region 17
18	Region 18
19	Region 19
20	Region 20
21	Region 21
22	Region 22
23	Region 23
24	Region 24
25	Region 25
26	Region 26
27	Region 27
28	Region 28
29	Region 29
30	Region 30
31	Region 31
32	Region 32
33	Region 33
34	Region 34
35	Region 35
36	Region 36
37	Region 37
38	Region 38
39	Region 39
40	Region 40
41	Region 41
42	Region 42
43	Region 43
44	Region 44
45	Region 45
46	Region 46
47	Region 47
48	Region 48
49	Region 49
50	Region 50
51	Region 51
52	Region 52
53	Region 53
54	Region 54
55	Region 55
56	Region 56
57	Region 57
58	Region 58
59	Region 59
60	Region 60
61	Region 61
62	Region 62
63	Region 63
64	Region 64
65	Region 65
66	Region 66
67	Region 67
68	Region 68
69	Region 69
70	Region 70
71	Region 71
72	Region 72
73	Region 73
74	Region 74
75	Region 75
76	Region 76
77	Region 77
78	Region 78
79	Region 79
80	Region 80
81	Region 81
82	Region 82
83	Region 83
84	Region 84
85	Region 85
86	Region 86
87	Region 87
88	Region 88
89	Region 89
90	Region 90
91	Region 91
92	Region 92
93	Region 93
94	Region 94
95	Region 95
96	Region 96
97	Region 97
98	Region 98
99	Region 99
100	Region 100
101	Region 101
102	Region 102
103	Region 103
104	Region 104
105	Region 105
106	Region 106
107	Region 107
108	Region 108
109	Region 109
110	Region 110
111	Region 111
112	Region 112
113	Region 113
114	Region 114
115	Region 115
116	Region 116
117	Region 117
118	Region 118
119	Region 119
120	Region 120
121	Region 121
122	Region 122
123	Region 123
124	Region 124
125	Region 125
126	Region 126
127	Region 127
128	Region 128
129	Region 129
130	Region 130
131	Region 131
132	Region 132
133	Region 133
134	Region 134
135	Region 135
136	Region 136
137	Region 137
138	Region 138
139	Region 139
140	Region 140
141	Region 141
142	Region 142
143	Region 143
144	Region 144
145	Region 145
146	Region 146
147	Region 147
148	Region 148
149	Region 149
150	Region 150
151	Region 151
152	Region 152
153	Region 153
154	Region 154
155	Region 155
156	Region 156
157	Region 157
158	Region 158
159	Region 159
160	Region 160
161	Region 161
162	Region 162
163	Region 163
164	Region 164
165	Region 165
166	Region 166
167	Region 167
168	Region 168
169	Region 169
170	Region 170
171	Region 171
172	Region 172
173	Region 173
174	Region 174
175	Region 175
176	Region 176
177	Region 177
178	Region 178
179	Region 179
180	Region 180
181	Region 181
182	Region 182
183	Region 183
184	Region 184
185	Region 185
186	Region 186
187	Region 187
188	Region 188
189	Region 189
190	Region 190
191	Region 191
192	Region 192
193	Region 193
194	Region 194
195	Region 195
196	Region 196
197	Region 197
198	Region 198
199	Region 199
200	Region 200
201	Region 201
202	Region 202
203	Region 203
204	Region 204
205	Region 205
206	Region 206
207	Region 207
208	Region 208
209	Region 209
210	Region 210
211	Region 211
212	Region 212
213	Region 213
214	Region 214
215	Region 215
216	Region 216
217	Region 217
218	Region 218
219	Region 219
220	Region 220
221	Region 221
222	Region 222
223	Region 223
224	Region 224
225	Region 225
226	Region 226
227	Region 227
228	Region 228
229	Region 229
230	Region 230
231	Region 231
232	Region 232
233	Region 233
234	Region 234
235	Region 235
236	Region 236
237	Region 237
238	Region 238
239	Region 239
240	Region 240
241	Region 241
242	Region 242
243	Region 243
244	Region 244
245	Region 245
246	Region 246
247	Region 247
248	Region 248
249	Region 249
250	Region 250
251	Region 251
252	Region 252
253	Region 253
254	Region 254
255	Region 255
256	Region 256
257	Region 257
258	Region 258
259	Region 259
260	Region 260
261	Region 261
262	Region 262
263	Region 263
264	Region 264
265	Region 265
266	Region 266
267	Region 267
268	Region 268
269	Region 269
270	Region 270
271	Region 271
272	Region 272
273	Region 273
274	Region 274
275	Region 275
276	Region 276
277	Region 277
278	Region 278
279	Region 279
280	Region 280
281	Region 281
282	Region 282
283	Region 283
284	Region 284
285	Region 285
286	Region 286
287	Region 287
288	Region 288
289	Region 289
290	Region 290
291	Region 291
292	Region 292
293	Region 293
294	Region 294
295	Region 295
296	Region 296
297	Region 297
298	Region 298
299	Region 299
300	Region 300
301	Region 301
302	Region 302
303	Region 303
304	Region 304
305	Region 305
306	Region 306
307	Region 307
308	Region 308
309	Region 309
310	Region 310
311	Region 311
312	Region 312
313	Region 313
314	Region 314
315	Region 315
316	Region 316
317	Region 317
318	Region 318
319	Region 319
320	Region 320
321	Region 321
322	Region 322
323	Region 323
324	Region 324
325	Region 325
326	Region 326
327	Region 327
328	Region 328
329	Region 329
330	Region 330
331	Region 331
332	Region 332
333	Region 333
334	Region 334
335	Region 335
336	Region 336
337	Region 337
338	Region 338
339	Region 339
340	Region 340
341	Region 341
342	Region 342
343	Region 343
344	Region 344
345	Region 345
346	Region 346
347	Region 347
348	Region 348
349	Region 349
350	Region 350
351	Region 351
352	Region 352
353	Region 353
354	Region 354
355	Region 355
356	Region 356
357	Region 357
358	Region 358
359	Region 359
360	Region 360
361	Region 361
362	Region 362
363	Region 363
364	Region 364
365	Region 365
366	Region 366
367	Region 367
368	Region 368
369	Region 369
370	Region 370
371	Region 371
372	Region 372
373	Region 373
374	Region 374
375	Region 375
376	Region 376
377	Region 377
378	Region 378
379	Region 379
380	Region 380
381	Region 381
382	Region 382
383	Region 383
384	Region 384
385	Region 385
386	Region 386
387	Region 387
388	Region 388
389	Region 389
390	Region 390
391	Region 391
392	Region 392
393	Region 393
394	Region 394
395	Region 395
396	Region 396
397	Region 397
398	Region 398
399	Region 399
400	Region 400
401	Region 401
402	Region 402
403	Region 403
404	Region 404
405	Region 405
406	Region 406
407	Region 407
408	Region 408
409	Region 409
410	Region 410
411	Region 411
412	Region 412
413	Region 413
414	Region 414
415	Region 415
416	Region 416
417	Region 417
418	Region 418
419	Region 419
420	Region 420
421	Region 421
422	Region 422
423	Region 423
424	Region 424
425	Region 425
426	Region 426
427	Region 427
428	Region 428
429	Region 429
430	Region 430
431	Region 431
432	Region 432
433	Region 433
434	Region 434
435	Region 435
436	Region 436
437	Region 437
438	Region 438
439	Region 439
440	Region 440
441	Region 441
442	Region 442
443	Region 443
444	Region 444
445	Region 445
446	Region 446
447	Region 447
448	Region 448
449	Region 449
450	Region 450
451	Region 451
452	Region 452
453	Region 453
454	Region 454
455	Region 455
456	Region 456
457	Region 457
458	Region 458
459	Region 459
460	Region 460
461	Region 461
462	Region 462
463	Region 463
464	Region 464
465	Region 465
466	Region 466
467	Region 467
468	Region 468
469	Region 469
470	Region 470
471	Region 471
472	Region 472
473	Region 473
474	Region 474
475	Region 475
476	Region 476
477	Region 477
478	Region 478
479	Region 479
480	Region 480
481	Region 481
482	Region 482
483	Region 483
484	Region 484
485	Region 485
486	Region 486
487	Region 487
488	Region 488
489	Region 489
490	Region 490
491	Region 491
492	Region 492
493	Region 493
494	Region 494
495	Region 495
496	Region 496
497	Region 497
498	Region 498
499	Region 499
500	Region 500
501	Region 501
502	Region 502
503	Region 503
504	Region 504
505	Region 505
506	Region 506
507	Region 507
508	Region 508
509	Region 509
510	Region 510
511	Region 511
512	Region 512
513	Region 513
514	Region 514
515	Region 515
516	Region 516
517	Region 517
518	Region 518
519	Region 519
520	Region 520
521	Region 521
522	Region 522
523	Region 523
524	Region 524
525	Region 525
526	Region 526
527	Region 527
528	Region 528
529	Region 529
530	Region 530
531	Region 531
532	Region 532
533	Region 533
534	Region 534
535	Region 535
536	Region 536
537	Region 537
538	Region 538
539	Region 539
540	Region 540
541	Region 541
542	Region 542
543	Region 543
544	Region 544
545	Region 545
546	Region 546
547	Region 547
548	Region 548
549	Region 549
550	Region 550
551	Region 551
552	Region 552
553	Region 553
554	Region 554
555	Region 555
556	Region 556
557	Region 557
558	Region 558
559	Region 559
560	Region 560
561	Region 561
562	Region 562
563	Region 563
564	Region 564
565	Region 565
566	Region 566
567	Region 567
568	Region 568
569	Region 569
570	Region 570
571	Region 571
572	Region 572
573	Region 573
574	Region 574
575	Region 575
576	Region 576
577	Region 577
578	Region 578
579	Region 579
580	Region 580
581	Region 581
582	Region 582
583	Region 583
584	Region 584
585	Region 585
586	Region 586
587	Region 587
588	Region 588
589	Region 589
590	Region 590
591	Region 591
592	Region 592
593	Region 593
594	Region 594
595	Region 595
596	Region 596
597	Region 597
598	Region 598
599	Region 599
600	Region 600
601	Region 601
602	Region 602
603	Region 603
604	Region 604
605	Region 605
606	Region 606
607	Region 607
608	Region 608
609	Region 609
610	Region 610
611	Region 611
612	Region 612
613	Region 613
614	Region 614
615	Region 615
616	Region 616
617	Region 617
618	Region 618
619	Region 619
620	Region 620
621	Region 621
622	Region 622
623	Region 623
624	Region 624
625	Region 625
626	Region 626
627	Region 627
628	Region 628
629	Region 629
630	Region 630
631	Region 631
632	Region 632
633	Region 633
634	Region 634
635	Region 635
636	Region 636
637	Region 637
638	Region 638
639	Region 639
640	Region 640
641	Region 641
642	Region 642
643	Region 643
644	Region 644
645	Region 645
646	Region 646
647	Region 647
648	Region 648
649	Region 649
650	Region 650
651	Region 651
652	Region 652
653	Region 653
654	Region 654
655	Region 655
656	Region 656
657	Region 657
658	Region 658
659	Region 659
660	Region 660
661	Region 661
662	Region 662
663	Region 663
664	Region 664
665	Region 665
666	Region 666
667	Region 667
668	Region 668
669	Region 669
670	Region 670
671	Region 671
672	Region 672
673	Region 673
674	Region 674
675	Region 675
676	Region 676
677	Region 677
678	Region 678
679	Region 679
680	Region 680
681	Region 681
682	Region 682
683	Region 683
684	Region 684
685	Region 685
686	Region 686
687	Region 687
688	Region 688
689	Region 689
690	Region 690
691	Region 691
692	Region 692
693	Region 693
694	Region 694
695	Region 695
696	Region 696
697	Region 697
698	Region 698
699	Region 699
700	Region 700
701	Region 701
702	Region 702
703	Region 703
704	Region 704
705	Region 705
706	Region 706
707	Region 707
708	Region 708
709	Region 709
710	Region 710
711	Region 711
712	Region 712
713	Region 713
714	Region 714
715	Region 715
716	Region 716
717	Region 717
718	Region 718
719	Region 719
720	Region 720
721	Region 721
722	Region 722
723	Region 723
724	Region 724
725	Region 725
726	Region 726
727	Region 727
728	Region 728
729	Region 729
730	Region 730
731	Region 731
732	Region 732
733	Region 733
734	Region 734
735	Region 735
736	Region 736
737	Region 737
738	Region 738
739	Region 739
740	Region 740
741	Region 741
742	Region 742
743	Region 743
744	Region 744
745	Region 745
746	Region 746
747	Region 747
748	Region 748
749	Region 749
750	Region 750
751	Region 751
752	Region 752
753	Region 753
754	Region 754
755	Region 755
756	Region 756
757	Region 757
758	Region 758
759	Region 759
760	Region 760
761	Region 761
762	Region 762
763	Region 763
764	Region 764
765	Region 765
766	Region 766
767	Region 767
768	Region 768
769	Region 769
770	Region 770
771	Region 771
772	Region 772
773	Region 773
774	Region 774
775	Region 775
776	Region 776
777	Region 777
778	Region 778
779	Region 779
780	Region 780
781	Region 781
782	Region 782
783	Region 783
784	Region 784
785	Region 785
786	Region 786
787	Region 787
788	Region 788
789	Region 789
790	Region 790
791	Region 791
792	Region 792
793	Region 793
794	Region 794
795	Region 795
796	Region 796
797	Region 797
798	Region 798
799	Region 799
800	Region 800
801	Region 801
802	Region 802
803	Region 803
804	Region 804
805	Region 805
806	Region 806
807	Region 807
808	Region 808
809	Region 809
810	Region 810
811	Region 811
812	Region 812
813	Region 813
814	Region 814
815	Region 815
816	Region 816
817	Region 817
818	Region 818
819	Region 819
820	Region 820
821	Region 821
822	Region 822
823	Region 823
824	Region 824
825	Region 825
826	Region 826
827	Region 827
828	Region 828
829	Region 829
830	Region 830
831	Region 831
832	Region 832
833	Region 833
834	Region 834
835	Region 835
836	Region 836
837	Region 837
838	Region 838
839	Region 839
840	Region 840
841	Region 841
842	Region 842
843	Region 843
844	Region 844
845	Region 845
846	Region 846
847	Region 847
848	Region 848
849	Region 849
850	Region 850
851	Region 851
852	Region 852
853	Region 853
854	Region 854
855	Region 855
856	Region 856
857	Region 857
858	Region 858
859	Region 859
860	Region 860
861	Region 861
862	Region 862
863	Region 863
864	Region 864
865	Region 865
866	Region 866
867	Region 867
868	Region 868
869	Region 869
870	Region 870
871	Region 871
872	Region 872
873	Region 873
874	Region 874
875	Region 875
876	Region 876
877	Region 877
878	Region 878
879	Region 879
880	Region 880
881	Region 881
882	Region 882
883	Region 883
884	Region 884
885	Region 885
886	Region 886
887	Region 887
888	Region 888
889	Region 889
890	Region 890
891	Region 891
892	Region 892
893	Region 893
894	Region 894
895	Region 895
896	Region 896
897	Region 897
898	Region 898
899	Region 899
900	Region 900
901	Region 901
902	Region 902
903	Region 903
904	Region 904
905	Region 905
906	Region 906
907	Region 907
908	Region 908
909	Region 909
910	Region 910
911	Region 911
912	Region 912
913	Region 913
914	Region 914
915	Region 915
916	Region 916
917	Region 917
918	Region 918
919	Region 919
920	Region 920
921	Region 921
922	Region 922
923	Region 923
924	Region 924
925	Region 925
926	Region 926
927	Region 927
928	Region 928
929	Region 929
930	Region 930
931	Region 931
932	Region 932
933	Region 933
934	Region 934
935	Region 935
936	Region 936
937	Region 937
938	Region 938
939	Region 939
940	Region 940
941	Region 941
942	Region 942
943	Region 943
944	Region 944
945	Region 945
946	Region 946
947	Region 947
948	Region 948
949	Region 949
950	Region 950
951	Region 951
952	Region 952
953	Region 953
954	Region 954
955	Region 955
956	Region 956
957	Region 957
958	Region 958
959	Region 959
960	Region 960
961	Region 961
962	Region 962
963	Region 963
964	Region 964
965	Region 965
966	Region 966
967	Region 967
968	Region 968
969	Region 969
970	Region 970
971	Region 971
972	Region 972
973	Region 973
974	Region 974
975	Region 975
976	Region 976
977	Region 977
978	Region 978
979	Region 979
980	Region 980
981	Region 981
982	Region 982
983	Region 983
984	Region 984
985	Region 985
986	Region 986
987	Region 987
988	Region 988
989	Region 989
990	Region 990
991	Region 991
992	Region 992
993	Region 993
994	Region 994
995	Region 995
996	Region 996
997	Region 997
998	Region 998
999	Region 999
